{
    "key": "taxonomy_65dc03495e164",
    "title": "Event Categories",
    "menu_order": 0,
    "active": true,
    "taxonomy": "event-category",
    "object_type": [
        "event"
    ],
    "advanced_configuration": 0,
    "import_source": "",
    "import_date": "",
    "labels": {
        "name": "Event Categories",
        "singular_name": "Event Category",
        "menu_name": "Event Category",
        "all_items": "All Event Category",
        "edit_item": "Edit Event Category",
        "view_item": "View Event Category",
        "update_item": "Update Event Category",
        "add_new_item": "Add New Event Category",
        "new_item_name": "New Event Category Name",
        "search_items": "Search Event Category",
        "popular_items": "Popular Event Category",
        "separate_items_with_commas": "Separate event category with commas",
        "add_or_remove_items": "Add or remove event category",
        "choose_from_most_used": "Choose from the most used event category",
        "most_used": "",
        "not_found": "No event category found",
        "no_terms": "No event category",
        "name_field_description": "",
        "slug_field_description": "",
        "desc_field_description": "",
        "items_list_navigation": "Event Category list navigation",
        "items_list": "Event Category list",
        "back_to_items": "← Go to event category",
        "item_link": "Event Category Link",
        "item_link_description": "A link to a event category"
    },
    "description": "",
    "capabilities": {
        "manage_terms": "manage_categories",
        "edit_terms": "manage_categories",
        "delete_terms": "manage_categories",
        "assign_terms": "edit_posts"
    },
    "public": 1,
    "publicly_queryable": 1,
    "hierarchical": 0,
    "show_ui": 1,
    "show_in_menu": 1,
    "show_in_nav_menus": 1,
    "show_in_rest": 1,
    "rest_base": "",
    "rest_namespace": "wp\/v2",
    "rest_controller_class": "WP_REST_Terms_Controller",
    "show_tagcloud": 1,
    "show_in_quick_edit": 1,
    "show_admin_column": 0,
    "rewrite": {
        "permalink_rewrite": "taxonomy_key",
        "with_front": "1",
        "rewrite_hierarchical": "0"
    },
    "query_var": "post_type_key",
    "query_var_name": "",
    "default_term": {
        "default_term_enabled": "0"
    },
    "sort": 0,
    "meta_box": "default",
    "meta_box_cb": "",
    "meta_box_sanitize_cb": "",
    "modified": 1708917735
}
