{
    "key": "taxonomy_663df801257f4",
    "title": "Delivery Formats",
    "menu_order": 0,
    "active": true,
    "taxonomy": "delivery_format",
    "object_type": [
        "product"
    ],
    "advanced_configuration": 0,
    "import_source": "",
    "import_date": "",
    "labels": {
        "name": "Delivery Formats",
        "singular_name": "Delivery Format",
        "menu_name": "Delivery Format",
        "all_items": "All Delivery Format",
        "edit_item": "Edit Delivery Format",
        "view_item": "View Delivery Format",
        "update_item": "Update Delivery Format",
        "add_new_item": "Add New Delivery Format",
        "new_item_name": "New Delivery Format Name",
        "search_items": "Search Delivery Format",
        "popular_items": "Popular Delivery Format",
        "separate_items_with_commas": "Separate delivery format with commas",
        "add_or_remove_items": "Add or remove delivery format",
        "choose_from_most_used": "Choose from the most used delivery format",
        "most_used": "",
        "not_found": "No delivery format found",
        "no_terms": "No delivery format",
        "name_field_description": "",
        "slug_field_description": "",
        "desc_field_description": "",
        "items_list_navigation": "Delivery Format list navigation",
        "items_list": "Delivery Format list",
        "back_to_items": "← Go to delivery format",
        "item_link": "Delivery Format Link",
        "item_link_description": "A link to a delivery format"
    },
    "description": "",
    "capabilities": {
        "manage_terms": "manage_categories",
        "edit_terms": "manage_categories",
        "delete_terms": "manage_categories",
        "assign_terms": "edit_posts"
    },
    "public": 1,
    "publicly_queryable": 1,
    "hierarchical": 0,
    "show_ui": 1,
    "show_in_menu": 1,
    "show_in_nav_menus": 1,
    "show_in_rest": 1,
    "rest_base": "",
    "rest_namespace": "wp\/v2",
    "rest_controller_class": "WP_REST_Terms_Controller",
    "show_tagcloud": 1,
    "show_in_quick_edit": 1,
    "show_admin_column": 0,
    "rewrite": {
        "permalink_rewrite": "taxonomy_key",
        "with_front": "1",
        "rewrite_hierarchical": "0"
    },
    "query_var": "post_type_key",
    "query_var_name": "",
    "default_term": {
        "default_term_enabled": "0"
    },
    "sort": 0,
    "meta_box": "default",
    "meta_box_cb": "",
    "meta_box_sanitize_cb": "",
    "modified": 1715339172
}
