{
    "key": "taxonomy_66350f7c9e6ef",
    "title": "Topics",
    "menu_order": 0,
    "active": true,
    "taxonomy": "topic",
    "object_type": [
        "post",
        "product"
    ],
    "advanced_configuration": 0,
    "import_source": "",
    "import_date": "",
    "labels": {
        "name": "Topics",
        "singular_name": "Topic",
        "menu_name": "Topics",
        "all_items": "All Topics",
        "edit_item": "Edit Topic",
        "view_item": "View Topic",
        "update_item": "Update Topic",
        "add_new_item": "Add New Topic",
        "new_item_name": "New Topic Name",
        "search_items": "Search Topics",
        "popular_items": "Popular Topics",
        "separate_items_with_commas": "Separate topics with commas",
        "add_or_remove_items": "Add or remove topics",
        "choose_from_most_used": "Choose from the most used topics",
        "most_used": "",
        "not_found": "No topics found",
        "no_terms": "No topics",
        "name_field_description": "",
        "slug_field_description": "",
        "desc_field_description": "",
        "items_list_navigation": "Topics list navigation",
        "items_list": "Topics list",
        "back_to_items": "← Go to topics",
        "item_link": "Topic Link",
        "item_link_description": "A link to a topic"
    },
    "description": "",
    "capabilities": {
        "manage_terms": "manage_categories",
        "edit_terms": "manage_categories",
        "delete_terms": "manage_categories",
        "assign_terms": "edit_posts"
    },
    "public": 1,
    "publicly_queryable": 1,
    "hierarchical": 0,
    "show_ui": 1,
    "show_in_menu": 1,
    "show_in_nav_menus": 1,
    "show_in_rest": 1,
    "rest_base": "",
    "rest_namespace": "wp\/v2",
    "rest_controller_class": "WP_REST_Terms_Controller",
    "show_tagcloud": 1,
    "show_in_quick_edit": 1,
    "show_admin_column": 0,
    "rewrite": {
        "permalink_rewrite": "taxonomy_key",
        "with_front": "1",
        "rewrite_hierarchical": "0"
    },
    "query_var": "post_type_key",
    "query_var_name": "",
    "default_term": {
        "default_term_enabled": "0"
    },
    "sort": 0,
    "meta_box": "default",
    "meta_box_cb": "",
    "meta_box_sanitize_cb": "",
    "modified": 1715255852
}
