{
    "key": "taxonomy_66350fbc42d9d",
    "title": "Providers",
    "menu_order": 0,
    "active": true,
    "taxonomy": "provider",
    "object_type": [
        "post",
        "product"
    ],
    "advanced_configuration": 0,
    "import_source": "",
    "import_date": "",
    "labels": {
        "name": "Providers",
        "singular_name": "Provider",
        "menu_name": "Providers",
        "all_items": "All Providers",
        "edit_item": "Edit Provider",
        "view_item": "View Provider",
        "update_item": "Update Provider",
        "add_new_item": "Add New Provider",
        "new_item_name": "New Provider Name",
        "search_items": "Search Providers",
        "popular_items": "Popular Providers",
        "separate_items_with_commas": "Separate providers with commas",
        "add_or_remove_items": "Add or remove providers",
        "choose_from_most_used": "Choose from the most used providers",
        "most_used": "",
        "not_found": "No providers found",
        "no_terms": "No providers",
        "name_field_description": "",
        "slug_field_description": "",
        "desc_field_description": "",
        "items_list_navigation": "Providers list navigation",
        "items_list": "Providers list",
        "back_to_items": "← Go to providers",
        "item_link": "Provider Link",
        "item_link_description": "A link to a provider"
    },
    "description": "",
    "capabilities": {
        "manage_terms": "manage_categories",
        "edit_terms": "manage_categories",
        "delete_terms": "manage_categories",
        "assign_terms": "edit_posts"
    },
    "public": 1,
    "publicly_queryable": 1,
    "hierarchical": 0,
    "show_ui": 1,
    "show_in_menu": 1,
    "show_in_nav_menus": 1,
    "show_in_rest": 1,
    "rest_base": "",
    "rest_namespace": "wp\/v2",
    "rest_controller_class": "WP_REST_Terms_Controller",
    "show_tagcloud": 1,
    "show_in_quick_edit": 1,
    "show_admin_column": 0,
    "rewrite": {
        "permalink_rewrite": "taxonomy_key",
        "with_front": "1",
        "rewrite_hierarchical": "0"
    },
    "query_var": "post_type_key",
    "query_var_name": "",
    "default_term": {
        "default_term_enabled": "0"
    },
    "sort": 0,
    "meta_box": "default",
    "meta_box_cb": "",
    "meta_box_sanitize_cb": "",
    "modified": 1715255809
}
